autoconfig.indfragbio.com,CN=indfragbio.com,C=US; O=Google Trust Services; CN=WE1,Jul 18 06:20:41 2026 GMT,Oct 16 07:19:04 2026 GMT,84
autodiscover.indfragbio.com,CN=indfragbio.com,C=US; O=Google Trust Services; CN=WE1,Jul 18 06:20:41 2026 GMT,Oct 16 07:19:04 2026 GMT,84
cpanel.indfragbio.com,CN=indfragbio.com,C=US; O=Google Trust Services; CN=WE1,Jul 18 06:20:41 2026 GMT,Oct 16 07:19:04 2026 GMT,84
cpcalendars.indfragbio.com,CN=indfragbio.com,C=US; O=Google Trust Services; CN=WE1,Jul 18 06:20:41 2026 GMT,Oct 16 07:19:04 2026 GMT,84
cpcontacts.indfragbio.com,CN=indfragbio.com,C=US; O=Google Trust Services; CN=WE1,Jul 18 06:20:41 2026 GMT,Oct 16 07:19:04 2026 GMT,84
indfragbio.com,CN=indfragbio.com,C=US; O=Google Trust Services; CN=WE1,Jul 18 06:20:41 2026 GMT,Oct 16 07:19:04 2026 GMT,84
mail.indfragbio.com,CN=indfragbio.com,C=US; O=Google Trust Services; CN=WE1,Jul 18 06:20:41 2026 GMT,Oct 16 07:19:04 2026 GMT,84
URI,Cert Subject,Cert Issuer,Not Before,Not After,Days Until Expiry
webdisk.indfragbio.com,CN=indfragbio.com,C=US; O=Google Trust Services; CN=WE1,Jul 18 06:20:41 2026 GMT,Oct 16 07:19:04 2026 GMT,84
webmail.indfragbio.com,CN=indfragbio.com,C=US; O=Google Trust Services; CN=WE1,Jul 18 06:20:41 2026 GMT,Oct 16 07:19:04 2026 GMT,84
